{"dim1": [1280, 960], "dim2": [1280, 960], "dim3": [1280, 960], "K": [[465.21825168506416, 0.0, 652.3887785881514], [0.0, 466.7784456381215, 500.2625974012979], [0.0, 0.0, 1.0]], "D": [[-0.059015329139053954], [0.001126657583311429], [-0.0014270943267851762], [-2.828381928061867e-05]], "new_K": [[0.0025685546467249776, 0.0, 1280.000122520469], [0.0, 0.0025771687615267986, 1124.2923151459088], [0.0, 0.0, 1.0]], "scaled_K": [[465.2182516850642, 0.0, 652.3887785881514], [0.0, 466.7784456381215, 500.2625974012979], [0.0, 0.0, 1.0]], "balance": 0}